{
  "name": "countUp.js",
  "main": "dist/countUp.min.js",
  "author": "Jamie Perkins",
  "ignore": [
    "CHANGELOG.md",
    "LICENSE.md",
    "README.md",
    "contributing.md",
    "gulpfile.js",
    "component.json",
    "index.html"
  ],
  "homepage": "https://github.com/inorganik/countUp.js",
  "version": "1.6.1",
  "_release": "1.6.1",
  "_resolution": {
    "type": "version",
    "tag": "v1.6.1",
    "commit": "680fc7c52cda7c5931362662ff9b80fc4530b137"
  },
  "_source": "git://github.com/inorganik/countUp.js.git",
  "_target": "~1.6.0",
  "_originalSource": "countUp.js"
}